,Entrance,Clearing
0,2018-01-03 14:07:00,2018-01-03 14:10:00
1,2018-01-03 14:53:00,2018-01-03 14:56:00
2,2018-01-04 09:20:00,2018-01-04 09:23:00
3,2018-01-04 11:12:00,2018-01-04 11:15:00
4,2018-01-04 15:19:00,2018-01-04 15:22:00
5,2018-01-05 10:14:00,2018-01-05 10:17:00
6,2018-01-05 13:31:00,2018-01-05 13:34:00
7,2018-01-08 13:39:00,2018-01-08 13:41:00
8,2018-01-09 09:59:00,2018-01-09 10:02:00
9,2018-01-09 11:41:00,2018-01-09 11:44:00
10,2018-01-09 13:41:00,2018-01-09 13:44:00
11,2018-01-10 09:46:00,2018-01-10 09:49:00
12,2018-01-10 10:56:00,2018-01-10 10:59:00
13,2018-01-10 12:09:00,2018-01-10 12:12:00
14,2018-01-11 10:54:00,2018-01-11 10:57:00
15,2018-01-11 13:10:00,2018-01-11 13:13:00
16,2018-01-12 12:57:00,2018-01-12 13:00:00
17,2018-01-12 14:23:00,2018-01-12 14:26:00
18,2018-01-15 09:26:00,2018-01-15 09:29:00
19,2018-01-15 13:21:00,2018-01-15 13:24:00
20,2018-01-15 14:05:00,2018-01-15 14:08:00
21,2018-01-16 10:06:00,2018-01-16 10:09:00
22,2018-01-16 10:51:00,2018-01-16 10:54:00
23,2018-01-16 11:20:00,2018-01-16 11:23:00
24,2018-01-17 10:26:00,2018-01-17 10:29:00
25,2018-01-17 11:03:00,2018-01-17 11:06:00
26,2018-01-17 11:40:00,2018-01-17 11:43:00
27,2018-01-18 09:31:00,2018-01-18 09:34:00
28,2018-01-18 10:55:00,2018-01-18 10:58:00
29,2018-01-18 13:43:00,2018-01-18 13:46:00
30,2018-01-19 09:11:00,2018-01-19 09:14:00
31,2018-01-19 10:03:00,2018-01-19 10:06:00
32,2018-01-19 10:38:00,2018-01-19 10:41:00
33,2018-01-22 09:47:00,2018-01-22 09:48:00
34,2018-01-22 10:10:00,2018-01-22 10:13:00
35,2018-01-22 11:34:00,2018-01-22 11:36:00
36,2018-01-23 10:34:00,2018-01-23 10:37:00
37,2018-01-23 13:36:00,2018-01-23 13:39:00
38,2018-01-24 09:42:00,2018-01-24 09:45:00
39,2018-01-24 10:34:00,2018-01-24 10:37:00
40,2018-01-24 13:04:00,2018-01-24 13:07:00
41,2018-01-25 09:39:00,2018-01-25 09:42:00
42,2018-01-25 12:02:00,2018-01-25 12:05:00
43,2018-01-25 14:35:00,2018-01-25 14:38:00
44,2018-01-26 09:27:00,2018-01-26 09:30:00
45,2018-01-26 10:29:00,2018-01-26 10:32:00
46,2018-01-26 13:25:00,2018-01-26 13:28:00
47,2018-01-30 09:59:00,2018-01-30 10:02:00
48,2018-01-30 13:22:00,2018-01-30 13:25:00
49,2018-01-30 14:41:00,2018-01-30 14:44:00
50,2018-01-31 09:41:00,2018-01-31 09:44:00
51,2018-01-31 10:15:00,2018-01-31 10:18:00
52,2018-01-31 13:10:00,2018-01-31 13:13:00
53,2018-02-01 10:00:00,2018-02-01 10:03:00
54,2018-02-01 14:29:00,2018-02-01 14:32:00
55,2018-02-01 15:31:00,2018-02-01 15:32:00
56,2018-02-02 09:28:00,2018-02-02 09:31:00
57,2018-02-02 11:21:00,2018-02-02 11:24:00
58,2018-02-02 13:17:00,2018-02-02 13:20:00
59,2018-02-05 09:53:00,2018-02-05 09:54:00
60,2018-02-05 11:29:00,2018-02-05 11:31:00
61,2018-02-05 15:29:00,2018-02-05 15:31:00
62,2018-02-06 09:58:00,2018-02-06 10:01:00
63,2018-02-06 12:44:00,2018-02-06 12:47:00
64,2018-02-06 13:52:00,2018-02-06 13:55:00
65,2018-02-07 10:10:00,2018-02-07 10:13:00
66,2018-02-07 11:38:00,2018-02-07 11:39:00
67,2018-02-07 11:50:00,2018-02-07 11:53:00
68,2018-02-08 09:17:00,2018-02-08 09:20:00
69,2018-02-08 11:21:00,2018-02-08 11:23:00
70,2018-02-08 13:28:00,2018-02-08 13:31:00
71,2018-02-09 09:43:00,2018-02-09 09:44:00
72,2018-02-09 11:18:00,2018-02-09 11:21:00
73,2018-02-09 11:44:00,2018-02-09 11:45:00
74,2018-02-12 09:39:00,2018-02-12 09:42:00
75,2018-02-12 11:26:00,2018-02-12 11:29:00
76,2018-02-12 14:59:00,2018-02-12 15:02:00
77,2018-02-13 10:20:00,2018-02-13 10:23:00
78,2018-02-13 13:42:00,2018-02-13 13:45:00
79,2018-02-13 15:34:00,2018-02-13 15:45:00
80,2018-02-14 09:24:00,2018-02-14 09:27:00
81,2018-02-14 10:07:00,2018-02-14 10:10:00
82,2018-02-14 10:44:00,2018-02-14 10:47:00
83,2018-02-19 10:24:00,2018-02-19 10:27:00
84,2018-02-19 14:35:00,2018-02-19 14:38:00
85,2018-02-20 09:11:00,2018-02-20 09:14:00
86,2018-02-20 10:14:00,2018-02-20 10:17:00
87,2018-02-20 11:01:00,2018-02-20 11:04:00
88,2018-02-21 13:14:00,2018-02-21 13:17:00
89,2018-02-21 13:58:00,2018-02-21 14:01:00
90,2018-02-21 15:13:00,2018-02-21 15:16:00
91,2018-02-22 10:31:00,2018-02-22 10:34:00
92,2018-02-26 10:05:00,2018-02-26 10:08:00
93,2018-02-26 10:58:00,2018-02-26 11:01:00
94,2018-02-26 14:28:00,2018-02-26 14:31:00
95,2018-02-28 09:16:00,2018-02-28 09:19:00
96,2018-03-02 09:43:00,2018-03-02 09:46:00
97,2018-03-05 10:08:00,2018-03-05 10:09:00
98,2018-03-05 10:16:00,2018-03-05 10:19:00
99,2018-03-06 09:58:00,2018-03-06 10:01:00
100,2018-03-07 09:15:00,2018-03-07 09:18:00
101,2018-03-07 13:16:00,2018-03-07 13:19:00
102,2018-03-07 15:12:00,2018-03-07 15:15:00
103,2018-03-09 13:37:00,2018-03-09 13:40:00
104,2018-03-09 14:56:00,2018-03-09 14:59:00
105,2018-03-12 09:45:00,2018-03-12 09:48:00
106,2018-03-16 09:20:00,2018-03-16 09:23:00
107,2018-03-19 10:16:00,2018-03-19 10:19:00
108,2018-03-21 10:55:00,2018-03-21 10:58:00
109,2018-03-21 13:33:00,2018-03-21 13:36:00
110,2018-03-21 15:31:00,2018-03-21 15:34:00
111,2018-03-22 15:30:00,2018-03-22 15:33:00
112,2018-03-23 09:20:00,2018-03-23 09:23:00
113,2018-03-23 10:58:00,2018-03-23 11:01:00
114,2018-03-23 14:31:00,2018-03-23 14:32:00
115,2018-03-26 09:46:00,2018-03-26 09:49:00
116,2018-03-26 11:16:00,2018-03-26 11:19:00
117,2018-03-26 11:55:00,2018-03-26 11:58:00
118,2018-03-27 10:01:00,2018-03-27 10:04:00
119,2018-03-27 13:08:00,2018-03-27 13:11:00
120,2018-03-27 15:20:00,2018-03-27 15:23:00
121,2018-03-28 11:10:00,2018-03-28 11:13:00
122,2018-03-28 12:59:00,2018-03-28 13:02:00
123,2018-03-29 09:39:00,2018-03-29 09:42:00
124,2018-04-02 14:51:00,2018-04-02 14:54:00
125,2018-04-03 13:29:00,2018-04-03 13:32:00
126,2018-04-03 15:09:00,2018-04-03 15:12:00
127,2018-04-04 13:05:00,2018-04-04 13:08:00
128,2018-04-06 10:05:00,2018-04-06 10:08:00
129,2018-04-10 09:13:00,2018-04-10 09:16:00
130,2018-04-12 09:11:00,2018-04-12 09:14:00
131,2018-04-13 09:27:00,2018-04-13 09:30:00
132,2018-04-13 14:13:00,2018-04-13 14:16:00
133,2018-04-19 09:17:00,2018-04-19 09:19:00
134,2018-04-20 09:40:00,2018-04-20 09:43:00
135,2018-04-20 10:04:00,2018-04-20 10:07:00
136,2018-04-23 09:23:00,2018-04-23 09:26:00
137,2018-04-23 10:28:00,2018-04-23 10:31:00
138,2018-04-24 14:45:00,2018-04-24 14:48:00
139,2018-04-24 15:17:00,2018-04-24 15:20:00
140,2018-04-25 11:07:00,2018-04-25 11:10:00
141,2018-04-26 11:42:00,2018-04-26 11:45:00
142,2018-04-30 09:38:00,2018-04-30 09:41:00
143,2018-04-30 09:47:00,2018-04-30 09:50:00
144,2018-05-02 13:46:00,2018-05-02 13:49:00
145,2018-05-03 10:24:00,2018-05-03 10:27:00
146,2018-05-04 09:27:00,2018-05-04 09:30:00
147,2018-05-08 14:04:00,2018-05-08 14:07:00
148,2018-05-08 14:29:00,2018-05-08 14:32:00
149,2018-05-08 14:54:00,2018-05-08 14:57:00
150,2018-05-09 10:52:00,2018-05-09 10:55:00
151,2018-05-09 11:29:00,2018-05-09 11:32:00
152,2018-05-10 09:26:00,2018-05-10 09:29:00
153,2018-05-10 11:22:00,2018-05-10 11:25:00
154,2018-05-10 13:38:00,2018-05-10 13:41:00
155,2018-05-11 10:38:00,2018-05-11 10:41:00
156,2018-05-11 11:13:00,2018-05-11 11:16:00
157,2018-05-11 11:32:00,2018-05-11 11:35:00
158,2018-05-14 09:52:00,2018-05-14 09:55:00
159,2018-05-14 10:12:00,2018-05-14 10:15:00
160,2018-05-14 10:46:00,2018-05-14 10:49:00
161,2018-05-16 09:57:00,2018-05-16 10:00:00
162,2018-05-16 14:59:00,2018-05-16 15:02:00
163,2018-05-16 15:11:00,2018-05-16 15:14:00
164,2018-05-17 09:30:00,2018-05-17 09:33:00
165,2018-05-21 09:31:00,2018-05-21 09:34:00
166,2018-05-21 15:15:00,2018-05-21 15:18:00
167,2018-05-21 15:29:00,2018-05-21 15:32:00
168,2018-05-23 09:30:00,2018-05-23 09:33:00
169,2018-05-29 15:29:00,2018-05-29 15:32:00
170,2018-05-30 09:11:00,2018-05-30 09:14:00
171,2018-05-30 09:29:00,2018-05-30 09:31:00
172,2018-05-30 12:15:00,2018-05-30 12:18:00
173,2018-05-31 09:46:00,2018-05-31 09:49:00
174,2018-05-31 15:07:00,2018-05-31 15:10:00
175,2018-06-01 15:27:00,2018-06-01 15:30:00
176,2018-06-04 10:05:00,2018-06-04 10:08:00
177,2018-06-04 12:38:00,2018-06-04 12:41:00
178,2018-06-04 15:18:00,2018-06-04 15:21:00
179,2018-06-05 15:00:00,2018-06-05 15:03:00
180,2018-06-08 15:18:00,2018-06-08 15:21:00
181,2018-06-14 12:06:00,2018-06-14 12:09:00
182,2018-06-14 15:11:00,2018-06-14 15:12:00
183,2018-06-18 09:38:00,2018-06-18 09:41:00
184,2018-06-18 10:17:00,2018-06-18 10:20:00
185,2018-06-18 11:02:00,2018-06-18 11:05:00
186,2018-06-19 10:11:00,2018-06-19 10:14:00
187,2018-06-19 10:28:00,2018-06-19 10:31:00
188,2018-06-19 11:07:00,2018-06-19 11:10:00
189,2018-06-20 09:19:00,2018-06-20 09:22:00
190,2018-06-20 10:19:00,2018-06-20 10:22:00
191,2018-06-21 09:12:00,2018-06-21 09:15:00
192,2018-06-21 09:33:00,2018-06-21 09:36:00
193,2018-06-21 09:53:00,2018-06-21 09:56:00
194,2018-06-22 09:27:00,2018-06-22 09:30:00
195,2018-06-22 10:15:00,2018-06-22 10:18:00
196,2018-06-22 13:29:00,2018-06-22 13:32:00
197,2018-06-25 09:36:00,2018-06-25 09:39:00
198,2018-06-25 14:41:00,2018-06-25 14:44:00
199,2018-06-26 09:43:00,2018-06-26 09:46:00
200,2018-06-26 11:13:00,2018-06-26 11:16:00
201,2018-06-26 11:29:00,2018-06-26 11:32:00
202,2018-06-27 10:50:00,2018-06-27 10:53:00
204,2018-06-28 09:26:00,2018-06-28 09:29:00
205,2018-06-28 14:21:00,2018-06-28 14:24:00
206,2018-06-28 14:44:00,2018-06-28 14:47:00
207,2018-06-29 09:39:00,2018-06-29 09:40:00
208,2018-06-29 09:48:00,2018-06-29 09:51:00
209,2018-06-29 15:34:00,2018-06-29 15:45:00
210,2018-07-02 09:33:00,2018-07-02 09:36:00
211,2018-07-02 13:16:00,2018-07-02 13:19:00
212,2018-07-02 13:36:00,2018-07-02 13:39:00
213,2018-07-03 09:37:00,2018-07-03 09:40:00
214,2018-07-03 09:59:00,2018-07-03 10:02:00
215,2018-07-03 12:28:00,2018-07-03 12:31:00
216,2018-07-04 11:23:00,2018-07-04 11:26:00
217,2018-07-04 12:27:00,2018-07-04 12:30:00
218,2018-07-04 13:55:00,2018-07-04 13:58:00
219,2018-07-05 11:00:00,2018-07-05 11:03:00
220,2018-07-05 11:19:00,2018-07-05 11:22:00
221,2018-07-05 12:37:00,2018-07-05 12:40:00
222,2018-07-06 11:35:00,2018-07-06 11:38:00
223,2018-07-06 12:39:00,2018-07-06 12:42:00
224,2018-07-10 10:53:00,2018-07-10 10:54:00
225,2018-07-12 09:31:00,2018-07-12 09:34:00
226,2018-07-12 14:02:00,2018-07-12 14:05:00
227,2018-07-13 09:43:00,2018-07-13 09:46:00
228,2018-07-13 11:39:00,2018-07-13 11:42:00
229,2018-07-16 15:04:00,2018-07-16 15:07:00
230,2018-07-17 09:42:00,2018-07-17 09:45:00
231,2018-07-17 10:33:00,2018-07-17 10:36:00
232,2018-07-17 15:08:00,2018-07-17 15:11:00
233,2018-07-18 14:18:00,2018-07-18 14:21:00
234,2018-07-18 14:45:00,2018-07-18 14:46:00
235,2018-07-19 10:08:00,2018-07-19 10:11:00
236,2018-07-19 12:14:00,2018-07-19 12:17:00
238,2018-07-20 10:49:00,2018-07-20 10:52:00
239,2018-07-20 15:10:00,2018-07-20 15:13:00
240,2018-07-20 15:29:00,2018-07-20 15:32:00
241,2018-07-23 09:33:00,2018-07-23 09:36:00
242,2018-07-23 09:59:00,2018-07-23 10:00:00
243,2018-07-23 10:32:00,2018-07-23 10:35:00
244,2018-07-24 09:20:00,2018-07-24 09:23:00
245,2018-07-24 10:48:00,2018-07-24 10:51:00
246,2018-07-24 12:06:00,2018-07-24 12:09:00
247,2018-07-25 09:25:00,2018-07-25 09:28:00
248,2018-07-25 09:52:00,2018-07-25 09:55:00
249,2018-07-25 10:42:00,2018-07-25 10:45:00
250,2018-07-27 11:13:00,2018-07-27 11:16:00
251,2018-07-27 14:36:00,2018-07-27 14:39:00
252,2018-07-30 09:28:00,2018-07-30 09:31:00
253,2018-07-30 09:48:00,2018-07-30 09:51:00
254,2018-07-31 09:58:00,2018-07-31 10:01:00
255,2018-08-01 10:48:00,2018-08-01 10:51:00
256,2018-08-01 13:19:00,2018-08-01 13:22:00
257,2018-08-02 09:13:00,2018-08-02 09:16:00
258,2018-08-02 10:27:00,2018-08-02 10:30:00
259,2018-08-02 10:46:00,2018-08-02 10:49:00
260,2018-08-03 10:12:00,2018-08-03 10:15:00
261,2018-08-06 13:50:00,2018-08-06 13:53:00
262,2018-08-07 09:19:00,2018-08-07 09:22:00
263,2018-08-07 10:49:00,2018-08-07 10:52:00
264,2018-08-08 14:01:00,2018-08-08 14:04:00
265,2018-08-08 14:20:00,2018-08-08 14:23:00
266,2018-08-08 15:06:00,2018-08-08 15:09:00
267,2018-08-09 09:17:00,2018-08-09 09:20:00
268,2018-08-10 09:44:00,2018-08-10 09:47:00
269,2018-08-10 10:32:00,2018-08-10 10:35:00
270,2018-08-10 14:33:00,2018-08-10 14:36:00
271,2018-08-13 09:36:00,2018-08-13 09:39:00
272,2018-08-13 10:11:00,2018-08-13 10:14:00
273,2018-08-13 13:48:00,2018-08-13 13:51:00
274,2018-08-14 09:17:00,2018-08-14 09:20:00
275,2018-08-14 10:34:00,2018-08-14 10:37:00
276,2018-08-14 10:52:00,2018-08-14 10:55:00
277,2018-08-16 09:10:00,2018-08-16 09:13:00
278,2018-08-16 09:32:00,2018-08-16 09:35:00
279,2018-08-16 11:55:00,2018-08-16 11:56:00
280,2018-08-20 09:41:00,2018-08-20 09:44:00
281,2018-08-21 15:09:00,2018-08-21 15:11:00
282,2018-08-21 15:23:00,2018-08-21 15:26:00
283,2018-08-22 10:58:00,2018-08-22 11:01:00
284,2018-08-23 11:01:00,2018-08-23 11:04:00
285,2018-08-27 09:35:00,2018-08-27 09:38:00
286,2018-08-27 11:13:00,2018-08-27 11:16:00
287,2018-08-28 10:17:00,2018-08-28 10:20:00
288,2018-08-28 10:35:00,2018-08-28 10:38:00
289,2018-08-28 15:14:00,2018-08-28 15:15:00
290,2018-08-29 11:18:00,2018-08-29 11:21:00
291,2018-09-03 09:29:00,2018-09-03 09:32:00
292,2018-09-03 13:33:00,2018-09-03 13:36:00
293,2018-09-05 14:51:00,2018-09-05 14:53:00
294,2018-09-06 09:24:00,2018-09-06 09:25:00
295,2018-09-06 12:33:00,2018-09-06 12:36:00
296,2018-09-06 13:16:00,2018-09-06 13:19:00
297,2018-09-07 12:37:00,2018-09-07 12:40:00
298,2018-09-13 12:25:00,2018-09-13 12:28:00
299,2018-09-14 09:20:00,2018-09-14 09:23:00
300,2018-09-17 09:33:00,2018-09-17 09:36:00
301,2018-09-20 13:46:00,2018-09-20 13:49:00
302,2018-09-20 14:53:00,2018-09-20 14:56:00
303,2018-09-21 10:04:00,2018-09-21 10:07:00
304,2018-09-21 11:20:00,2018-09-21 11:23:00
305,2018-10-01 09:38:00,2018-10-01 09:41:00
306,2018-10-02 13:29:00,2018-10-02 13:30:00
307,2018-10-02 14:25:00,2018-10-02 14:28:00
308,2018-10-02 15:08:00,2018-10-02 15:11:00
309,2018-10-04 10:08:00,2018-10-04 10:11:00
310,2018-10-04 11:19:00,2018-10-04 11:22:00
311,2018-10-04 13:12:00,2018-10-04 13:15:00
312,2018-10-05 09:52:00,2018-10-05 09:55:00
313,2018-10-05 10:29:00,2018-10-05 10:30:00
314,2018-10-05 11:20:00,2018-10-05 11:23:00
315,2018-10-08 11:04:00,2018-10-08 11:07:00
316,2018-10-08 11:36:00,2018-10-08 11:39:00
317,2018-10-08 13:10:00,2018-10-08 13:13:00
318,2018-10-10 11:30:00,2018-10-10 11:33:00
319,2018-10-10 11:55:00,2018-10-10 11:58:00
320,2018-10-10 12:36:00,2018-10-10 12:39:00
321,2018-10-11 10:17:00,2018-10-11 10:20:00
322,2018-10-11 11:45:00,2018-10-11 11:48:00
323,2018-10-11 12:21:00,2018-10-11 12:24:00
324,2018-10-12 11:14:00,2018-10-12 11:17:00
325,2018-10-12 12:18:00,2018-10-12 12:21:00
326,2018-10-15 09:14:00,2018-10-15 09:17:00
327,2018-10-15 09:37:00,2018-10-15 09:40:00
328,2018-10-15 10:44:00,2018-10-15 10:47:00
329,2018-10-16 10:48:00,2018-10-16 10:51:00
330,2018-10-16 12:47:00,2018-10-16 12:50:00
331,2018-10-16 13:28:00,2018-10-16 13:31:00
332,2018-10-17 09:53:00,2018-10-17 09:56:00
333,2018-10-17 10:22:00,2018-10-17 10:25:00
334,2018-10-17 10:52:00,2018-10-17 10:55:00
335,2018-10-18 09:26:00,2018-10-18 09:29:00
336,2018-10-18 10:53:00,2018-10-18 10:56:00
337,2018-10-18 14:45:00,2018-10-18 14:48:00
338,2018-10-19 10:36:00,2018-10-19 10:39:00
339,2018-10-19 11:14:00,2018-10-19 11:17:00
340,2018-10-22 09:37:00,2018-10-22 09:40:00
341,2018-10-22 14:16:00,2018-10-22 14:17:00
342,2018-10-23 09:27:00,2018-10-23 09:28:00
343,2018-10-23 09:38:00,2018-10-23 09:39:00
344,2018-10-23 11:06:00,2018-10-23 11:09:00
345,2018-10-24 09:55:00,2018-10-24 09:56:00
346,2018-10-24 10:12:00,2018-10-24 10:15:00
347,2018-10-24 11:12:00,2018-10-24 11:15:00
348,2018-10-25 10:52:00,2018-10-25 10:55:00
349,2018-10-25 11:46:00,2018-10-25 11:49:00
350,2018-10-25 12:32:00,2018-10-25 12:35:00
351,2018-10-26 09:17:00,2018-10-26 09:20:00
352,2018-10-26 09:34:00,2018-10-26 09:37:00
353,2018-10-26 11:17:00,2018-10-26 11:20:00
354,2018-10-29 09:59:00,2018-10-29 10:02:00
355,2018-10-29 10:47:00,2018-10-29 10:48:00
356,2018-10-29 11:07:00,2018-10-29 11:08:00
357,2018-10-30 10:21:00,2018-10-30 10:24:00
358,2018-10-30 10:52:00,2018-10-30 10:55:00
359,2018-10-30 11:27:00,2018-10-30 11:30:00
360,2018-10-31 09:27:00,2018-10-31 09:30:00
361,2018-10-31 10:44:00,2018-10-31 10:46:00
362,2018-10-31 11:46:00,2018-10-31 11:49:00
363,2018-11-01 10:55:00,2018-11-01 10:58:00
364,2018-11-01 11:28:00,2018-11-01 11:31:00
365,2018-11-01 13:49:00,2018-11-01 13:52:00
366,2018-11-05 09:07:00,2018-11-05 09:10:00
367,2018-11-05 09:23:00,2018-11-05 09:26:00
368,2018-11-05 09:52:00,2018-11-05 09:55:00
369,2018-11-06 09:24:00,2018-11-06 09:27:00
370,2018-11-06 09:46:00,2018-11-06 09:49:00
371,2018-11-06 10:10:00,2018-11-06 10:13:00
372,2018-11-07 11:40:00,2018-11-07 11:43:00
373,2018-11-07 15:00:00,2018-11-07 15:02:00
374,2018-11-07 15:16:00,2018-11-07 15:19:00
375,2018-11-08 09:34:00,2018-11-08 09:37:00
376,2018-11-08 14:59:00,2018-11-08 15:02:00
377,2018-11-08 15:18:00,2018-11-08 15:21:00
378,2018-11-09 10:09:00,2018-11-09 10:12:00
379,2018-11-09 10:46:00,2018-11-09 10:49:00
380,2018-11-09 15:12:00,2018-11-09 15:15:00
381,2018-11-12 09:20:00,2018-11-12 09:23:00
382,2018-11-12 09:52:00,2018-11-12 09:54:00
383,2018-11-12 10:59:00,2018-11-12 11:02:00
384,2018-11-13 09:31:00,2018-11-13 09:34:00
385,2018-11-13 10:52:00,2018-11-13 10:55:00
386,2018-11-13 11:32:00,2018-11-13 11:35:00
387,2018-11-14 09:36:00,2018-11-14 09:39:00
388,2018-11-14 10:51:00,2018-11-14 10:54:00
389,2018-11-14 14:46:00,2018-11-14 14:48:00
390,2018-11-15 12:12:00,2018-11-15 12:15:00
391,2018-11-16 09:46:00,2018-11-16 09:49:00
392,2018-11-16 10:24:00,2018-11-16 10:27:00
393,2018-11-16 12:14:00,2018-11-16 12:17:00
394,2018-11-19 10:11:00,2018-11-19 10:14:00
395,2018-11-19 11:43:00,2018-11-19 11:46:00
396,2018-11-20 11:11:00,2018-11-20 11:14:00
397,2018-11-21 09:49:00,2018-11-21 09:52:00
398,2018-11-21 11:46:00,2018-11-21 11:49:00
399,2018-11-21 12:43:00,2018-11-21 12:46:00
400,2018-11-22 10:02:00,2018-11-22 10:04:00
401,2018-11-22 10:20:00,2018-11-22 10:22:00
402,2018-11-22 13:36:00,2018-11-22 13:39:00
403,2018-11-23 11:11:00,2018-11-23 11:14:00
404,2018-11-23 13:52:00,2018-11-23 13:55:00
405,2018-11-23 14:14:00,2018-11-23 14:17:00
406,2018-11-26 15:22:00,2018-11-26 15:25:00
407,2018-11-27 09:13:00,2018-11-27 09:16:00
408,2018-11-27 13:31:00,2018-11-27 13:34:00
409,2018-11-28 14:19:00,2018-11-28 14:22:00
410,2018-11-29 09:13:00,2018-11-29 09:14:00
411,2018-11-29 09:32:00,2018-11-29 09:35:00
412,2018-11-29 10:46:00,2018-11-29 10:49:00
413,2018-11-30 10:49:00,2018-11-30 10:50:00
414,2018-12-04 13:33:00,2018-12-04 13:36:00
415,2018-12-05 14:45:00,2018-12-05 14:48:00
416,2018-12-05 15:30:00,2018-12-05 15:33:00
417,2018-12-06 09:34:00,2018-12-06 09:37:00
418,2018-12-06 14:11:00,2018-12-06 14:14:00
419,2018-12-06 14:44:00,2018-12-06 14:47:00
420,2018-12-07 11:01:00,2018-12-07 11:04:00
421,2018-12-07 12:11:00,2018-12-07 12:14:00
422,2018-12-07 14:54:00,2018-12-07 14:56:00
423,2018-12-10 09:31:00,2018-12-10 09:34:00
424,2018-12-10 11:12:00,2018-12-10 11:15:00
425,2018-12-11 09:22:00,2018-12-11 09:23:00
426,2018-12-11 09:33:00,2018-12-11 09:36:00
427,2018-12-11 09:58:00,2018-12-11 10:01:00
428,2018-12-13 09:46:00,2018-12-13 09:49:00
429,2018-12-14 09:49:00,2018-12-14 09:52:00
430,2018-12-14 10:09:00,2018-12-14 10:10:00
431,2018-12-14 10:20:00,2018-12-14 10:23:00
432,2018-12-17 09:51:00,2018-12-17 09:54:00
433,2018-12-17 11:08:00,2018-12-17 11:11:00
434,2018-12-18 10:30:00,2018-12-18 10:33:00
436,2018-12-19 15:23:00,2018-12-19 15:26:00
437,2018-12-20 12:07:00,2018-12-20 12:10:00
438,2018-12-20 12:20:00,2018-12-20 12:23:00
439,2018-12-20 14:04:00,2018-12-20 14:07:00
440,2018-12-21 09:37:00,2018-12-21 09:40:00
441,2018-12-26 09:34:00,2018-12-26 09:37:00
442,2018-12-26 10:47:00,2018-12-26 10:50:00
443,2018-12-27 09:13:00,2018-12-27 09:16:00
444,2018-12-27 10:05:00,2018-12-27 10:08:00
445,2018-12-27 10:32:00,2018-12-27 10:35:00
446,2018-12-28 10:55:00,2018-12-28 10:58:00
447,2018-12-28 11:16:00,2018-12-28 11:19:00
448,2018-12-28 14:17:00,2018-12-28 14:20:00
449,2019-01-02 11:17:00,2019-01-02 11:20:00
450,2019-01-02 13:41:00,2019-01-02 13:44:00
451,2019-01-02 14:09:00,2019-01-02 14:12:00
452,2019-01-03 09:45:00,2019-01-03 09:48:00
453,2019-01-03 10:05:00,2019-01-03 10:08:00
454,2019-01-03 11:25:00,2019-01-03 11:28:00
455,2019-01-04 09:14:00,2019-01-04 09:16:00
456,2019-01-04 09:32:00,2019-01-04 09:35:00
457,2019-01-04 10:05:00,2019-01-04 10:08:00
458,2019-01-07 09:09:00,2019-01-07 09:12:00
459,2019-01-07 09:52:00,2019-01-07 09:55:00
460,2019-01-07 10:11:00,2019-01-07 10:14:00
461,2019-01-08 09:31:00,2019-01-08 09:34:00
462,2019-01-09 15:11:00,2019-01-09 15:14:00
463,2019-01-10 09:25:00,2019-01-10 09:28:00
464,2019-01-10 14:35:00,2019-01-10 14:38:00
465,2019-01-10 15:14:00,2019-01-10 15:17:00
466,2019-01-11 10:40:00,2019-01-11 10:43:00
467,2019-01-14 09:18:00,2019-01-14 09:21:00
468,2019-01-15 14:35:00,2019-01-15 14:38:00
469,2019-01-17 09:30:00,2019-01-17 09:32:00
470,2019-01-17 12:44:00,2019-01-17 12:47:00
471,2019-01-21 09:31:00,2019-01-21 09:34:00
473,2019-01-28 14:57:00,2019-01-28 15:00:00
474,2019-01-29 09:13:00,2019-01-29 09:16:00
475,2019-01-29 10:08:00,2019-01-29 10:11:00
476,2019-01-29 15:30:00,2019-01-29 15:33:00
477,2019-01-31 10:35:00,2019-01-31 10:38:00
478,2019-02-01 10:56:00,2019-02-01 10:59:00
479,2019-02-18 14:22:00,2019-02-18 14:25:00
480,2019-02-19 09:18:00,2019-02-19 09:21:00
481,2019-02-21 09:34:00,2019-02-21 09:37:00
482,2019-02-26 10:52:00,2019-02-26 10:55:00
483,2019-02-28 15:05:00,2019-02-28 15:08:00
484,2019-02-28 15:33:00,2019-02-28 15:45:00
485,2019-03-04 15:23:00,2019-03-04 15:26:00
486,2019-03-06 09:12:00,2019-03-06 09:15:00
487,2019-03-06 09:43:00,2019-03-06 09:46:00
488,2019-03-07 14:41:00,2019-03-07 14:44:00
489,2019-03-08 10:08:00,2019-03-08 10:11:00
490,2019-03-11 09:27:00,2019-03-11 09:30:00
491,2019-03-12 13:01:00,2019-03-12 13:02:00
492,2019-03-12 14:31:00,2019-03-12 14:34:00
493,2019-03-13 09:43:00,2019-03-13 09:46:00
494,2019-03-13 10:47:00,2019-03-13 10:50:00
495,2019-03-13 14:14:00,2019-03-13 14:17:00
496,2019-03-14 13:06:00,2019-03-14 13:09:00
497,2019-03-15 09:16:00,2019-03-15 09:18:00
498,2019-03-15 09:30:00,2019-03-15 09:33:00
499,2019-03-15 12:26:00,2019-03-15 12:29:00
500,2019-03-18 09:07:00,2019-03-18 09:10:00
501,2019-03-18 13:56:00,2019-03-18 13:59:00
502,2019-03-19 10:32:00,2019-03-19 10:35:00
503,2019-03-20 09:27:00,2019-03-20 09:30:00
504,2019-03-21 09:54:00,2019-03-21 09:57:00
505,2019-03-25 09:31:00,2019-03-25 09:34:00
506,2019-03-25 10:05:00,2019-03-25 10:08:00
507,2019-03-25 13:51:00,2019-03-25 13:54:00
508,2019-03-27 14:27:00,2019-03-27 14:30:00
509,2019-03-28 09:07:00,2019-03-28 09:10:00
510,2019-03-28 09:44:00,2019-03-28 09:47:00
511,2019-03-29 10:16:00,2019-03-29 10:19:00
512,2019-04-01 09:23:00,2019-04-01 09:26:00
513,2019-04-01 15:23:00,2019-04-01 15:26:00
514,2019-04-02 09:22:00,2019-04-02 09:25:00
515,2019-04-05 10:01:00,2019-04-05 10:04:00
516,2019-04-05 11:01:00,2019-04-05 11:02:00
517,2019-04-08 12:17:00,2019-04-08 12:20:00
518,2019-04-08 14:30:00,2019-04-08 14:33:00
519,2019-04-09 10:22:00,2019-04-09 10:25:00
520,2019-04-18 15:01:00,2019-04-18 15:04:00
521,2019-04-25 09:15:00,2019-04-25 09:18:00
522,2019-04-26 09:29:00,2019-04-26 09:32:00
523,2019-05-07 15:26:00,2019-05-07 15:29:00
524,2019-05-09 15:17:00,2019-05-09 15:20:00
525,2019-05-10 11:20:00,2019-05-10 11:23:00
526,2019-05-10 12:18:00,2019-05-10 12:21:00
527,2019-05-10 13:01:00,2019-05-10 13:03:00
528,2019-05-14 09:46:00,2019-05-14 09:49:00
529,2019-05-14 15:25:00,2019-05-14 15:28:00
530,2019-05-15 11:10:00,2019-05-15 11:13:00
531,2019-05-16 09:38:00,2019-05-16 09:41:00
532,2019-05-17 11:46:00,2019-05-17 11:49:00
533,2019-05-17 12:33:00,2019-05-17 12:36:00
534,2019-05-20 09:43:00,2019-05-20 09:46:00
535,2019-05-20 11:25:00,2019-05-20 11:28:00
536,2019-05-21 10:04:00,2019-05-21 10:07:00
537,2019-05-21 14:04:00,2019-05-21 14:07:00
538,2019-05-21 14:49:00,2019-05-21 14:52:00
539,2019-05-22 09:31:00,2019-05-22 09:32:00
540,2019-05-24 09:31:00,2019-05-24 09:34:00
541,2019-05-24 11:09:00,2019-05-24 11:12:00
542,2019-05-29 09:16:00,2019-05-29 09:19:00
543,2019-05-29 09:43:00,2019-05-29 09:46:00
544,2019-05-29 15:03:00,2019-05-29 15:06:00
545,2019-05-30 10:01:00,2019-05-30 10:04:00
546,2019-05-30 10:53:00,2019-05-30 10:56:00
547,2019-06-03 11:15:00,2019-06-03 11:18:00
548,2019-06-10 09:19:00,2019-06-10 09:22:00
549,2019-06-12 09:28:00,2019-06-12 09:31:00
550,2019-06-13 11:01:00,2019-06-13 11:04:00
551,2019-06-25 09:26:00,2019-06-25 09:29:00
552,2019-06-26 13:04:00,2019-06-26 13:07:00
553,2019-06-27 15:05:00,2019-06-27 15:06:00
554,2019-06-27 15:29:00,2019-06-27 15:32:00
555,2019-06-28 09:16:00,2019-06-28 09:19:00
556,2019-06-28 09:45:00,2019-06-28 09:48:00
557,2019-06-28 10:01:00,2019-06-28 10:04:00
558,2019-07-01 09:53:00,2019-07-01 09:56:00
559,2019-07-01 10:26:00,2019-07-01 10:29:00
560,2019-07-02 09:09:00,2019-07-02 09:12:00
561,2019-07-02 13:30:00,2019-07-02 13:33:00
562,2019-07-04 09:21:00,2019-07-04 09:24:00
563,2019-07-04 11:07:00,2019-07-04 11:10:00
564,2019-07-04 11:48:00,2019-07-04 11:51:00
565,2019-07-08 09:08:00,2019-07-08 09:11:00
566,2019-07-08 10:47:00,2019-07-08 10:50:00
567,2019-07-09 10:30:00,2019-07-09 10:33:00
568,2019-07-09 11:18:00,2019-07-09 11:21:00
569,2019-07-09 12:03:00,2019-07-09 12:06:00
570,2019-07-10 09:22:00,2019-07-10 09:25:00
571,2019-07-10 10:47:00,2019-07-10 10:50:00
572,2019-07-10 14:16:00,2019-07-10 14:19:00
573,2019-07-11 10:11:00,2019-07-11 10:14:00
574,2019-07-12 09:25:00,2019-07-12 09:28:00
575,2019-07-12 13:38:00,2019-07-12 13:41:00
576,2019-07-12 13:58:00,2019-07-12 14:01:00
577,2019-07-16 09:59:00,2019-07-16 10:02:00
578,2019-07-16 10:29:00,2019-07-16 10:32:00
579,2019-07-17 09:30:00,2019-07-17 09:33:00
580,2019-07-17 09:48:00,2019-07-17 09:51:00
581,2019-07-18 09:32:00,2019-07-18 09:35:00
582,2019-07-18 11:31:00,2019-07-18 11:34:00
583,2019-07-25 11:08:00,2019-07-25 11:11:00
584,2019-07-25 14:35:00,2019-07-25 14:38:00
585,2019-07-26 09:33:00,2019-07-26 09:36:00
586,2019-07-29 09:53:00,2019-07-29 09:56:00
587,2019-07-29 14:23:00,2019-07-29 14:26:00
588,2019-07-30 14:49:00,2019-07-30 14:50:00
589,2019-07-30 15:28:00,2019-07-30 15:31:00
590,2019-07-31 09:38:00,2019-07-31 09:41:00
591,2019-07-31 15:27:00,2019-07-31 15:30:00
592,2019-08-01 09:34:00,2019-08-01 09:37:00
593,2019-08-01 14:56:00,2019-08-01 14:59:00
594,2019-08-02 10:18:00,2019-08-02 10:21:00
595,2019-08-02 11:24:00,2019-08-02 11:27:00
596,2019-08-02 15:26:00,2019-08-02 15:29:00
597,2019-08-05 09:57:00,2019-08-05 10:00:00
598,2019-08-05 10:14:00,2019-08-05 10:15:00
599,2019-08-05 10:43:00,2019-08-05 10:44:00
600,2019-08-06 12:12:00,2019-08-06 12:15:00
601,2019-08-06 13:47:00,2019-08-06 13:49:00
602,2019-08-06 15:00:00,2019-08-06 15:01:00
603,2019-08-07 09:27:00,2019-08-07 09:30:00
604,2019-08-07 10:44:00,2019-08-07 10:47:00
605,2019-08-07 11:35:00,2019-08-07 11:38:00
606,2019-08-08 09:50:00,2019-08-08 09:53:00
607,2019-08-08 11:44:00,2019-08-08 11:47:00
608,2019-08-08 12:20:00,2019-08-08 12:23:00
609,2019-08-09 09:24:00,2019-08-09 09:27:00
610,2019-08-12 09:23:00,2019-08-12 09:26:00
611,2019-08-12 10:55:00,2019-08-12 10:58:00
612,2019-08-13 11:08:00,2019-08-13 11:11:00
613,2019-08-13 15:31:00,2019-08-13 15:34:00
614,2019-08-14 09:23:00,2019-08-14 09:26:00
615,2019-08-14 10:06:00,2019-08-14 10:09:00
616,2019-08-21 11:32:00,2019-08-21 11:35:00
617,2019-08-21 12:20:00,2019-08-21 12:23:00
618,2019-08-22 09:55:00,2019-08-22 09:58:00
619,2019-08-22 11:16:00,2019-08-22 11:19:00
620,2019-08-22 14:34:00,2019-08-22 14:37:00
621,2019-08-26 09:55:00,2019-08-26 09:58:00
622,2019-08-26 11:06:00,2019-08-26 11:09:00
623,2019-08-26 11:28:00,2019-08-26 11:31:00
624,2019-08-27 14:21:00,2019-08-27 14:24:00
625,2019-08-28 10:48:00,2019-08-28 10:51:00
626,2019-08-29 10:08:00,2019-08-29 10:11:00
627,2019-08-29 11:08:00,2019-08-29 11:11:00
628,2019-08-29 14:59:00,2019-08-29 15:02:00
629,2019-08-30 09:44:00,2019-08-30 09:46:00
630,2019-08-30 15:29:00,2019-08-30 15:32:00
631,2019-09-03 12:23:00,2019-09-03 12:26:00
633,2019-09-05 14:51:00,2019-09-05 14:54:00
634,2019-09-06 09:43:00,2019-09-06 09:46:00
635,2019-09-10 10:49:00,2019-09-10 10:52:00
636,2019-09-10 14:14:00,2019-09-10 14:17:00
637,2019-09-17 09:11:00,2019-09-17 09:14:00
638,2019-09-17 14:30:00,2019-09-17 14:33:00
639,2019-09-18 09:32:00,2019-09-18 09:35:00
640,2019-09-18 14:58:00,2019-09-18 15:01:00
641,2019-09-19 12:52:00,2019-09-19 12:55:00
642,2019-09-20 09:25:00,2019-09-20 09:28:00
643,2019-09-20 10:38:00,2019-09-20 10:41:00
644,2019-09-24 09:46:00,2019-09-24 09:49:00
645,2019-09-25 09:25:00,2019-09-25 09:26:00
646,2019-09-25 14:04:00,2019-09-25 14:07:00
647,2019-09-25 15:11:00,2019-09-25 15:14:00
648,2019-09-26 10:45:00,2019-09-26 10:48:00
649,2019-09-26 12:41:00,2019-09-26 12:44:00
650,2019-09-26 14:11:00,2019-09-26 14:14:00
651,2019-09-27 10:56:00,2019-09-27 10:59:00
652,2019-09-30 09:44:00,2019-09-30 09:47:00
653,2019-10-01 09:31:00,2019-10-01 09:34:00
654,2019-10-01 14:42:00,2019-10-01 14:45:00
655,2019-10-02 13:58:00,2019-10-02 14:01:00
656,2019-10-02 15:02:00,2019-10-02 15:05:00
657,2019-10-04 09:48:00,2019-10-04 09:51:00
658,2019-10-07 10:08:00,2019-10-07 10:11:00
659,2019-10-07 15:34:00,2019-10-07 15:45:00
660,2019-10-08 13:36:00,2019-10-08 13:39:00
661,2019-10-10 09:29:00,2019-10-10 09:32:00
662,2019-10-10 10:00:00,2019-10-10 10:03:00
663,2019-10-10 11:15:00,2019-10-10 11:17:00
664,2019-10-11 11:44:00,2019-10-11 11:45:00
665,2019-10-14 09:35:00,2019-10-14 09:38:00
666,2019-10-14 14:27:00,2019-10-14 14:30:00
667,2019-10-16 10:06:00,2019-10-16 10:09:00
668,2019-10-18 09:51:00,2019-10-18 09:54:00
669,2019-10-22 14:42:00,2019-10-22 14:43:00
670,2019-10-22 15:08:00,2019-10-22 15:11:00
671,2019-10-24 10:07:00,2019-10-24 10:10:00
672,2019-10-24 10:45:00,2019-10-24 10:48:00
673,2019-10-24 12:36:00,2019-10-24 12:39:00
674,2019-10-25 09:23:00,2019-10-25 09:26:00
675,2019-10-25 10:01:00,2019-10-25 10:04:00
676,2019-10-25 10:19:00,2019-10-25 10:22:00
677,2019-10-28 09:46:00,2019-10-28 09:49:00
678,2019-10-29 12:33:00,2019-10-29 12:36:00
679,2019-11-01 13:58:00,2019-11-01 14:01:00
680,2019-11-01 15:11:00,2019-11-01 15:14:00
681,2019-11-05 10:02:00,2019-11-05 10:05:00
682,2019-11-07 14:40:00,2019-11-07 14:43:00
683,2019-11-08 10:26:00,2019-11-08 10:29:00
684,2019-11-14 13:55:00,2019-11-14 13:58:00
685,2019-11-18 09:11:00,2019-11-18 09:14:00
686,2019-11-20 10:23:00,2019-11-20 10:26:00
687,2019-11-20 14:01:00,2019-11-20 14:04:00
688,2019-11-20 14:19:00,2019-11-20 14:22:00
689,2019-11-21 09:37:00,2019-11-21 09:39:00
690,2019-11-21 10:01:00,2019-11-21 10:04:00
691,2019-11-21 10:46:00,2019-11-21 10:49:00
692,2019-11-22 09:28:00,2019-11-22 09:31:00
693,2019-11-22 10:19:00,2019-11-22 10:22:00
694,2019-11-22 11:39:00,2019-11-22 11:42:00
695,2019-11-26 15:16:00,2019-11-26 15:19:00
696,2019-11-27 09:15:00,2019-11-27 09:18:00
697,2019-11-27 09:42:00,2019-11-27 09:45:00
698,2019-11-28 09:42:00,2019-11-28 09:45:00
699,2019-11-28 09:58:00,2019-11-28 10:00:00
700,2019-11-29 09:20:00,2019-11-29 09:23:00
701,2019-11-29 10:08:00,2019-11-29 10:11:00
702,2019-11-29 11:03:00,2019-11-29 11:06:00
703,2019-12-02 09:44:00,2019-12-02 09:47:00
704,2019-12-02 10:25:00,2019-12-02 10:28:00
705,2019-12-02 11:06:00,2019-12-02 11:09:00
706,2019-12-03 09:33:00,2019-12-03 09:36:00
707,2019-12-03 10:21:00,2019-12-03 10:24:00
708,2019-12-03 10:41:00,2019-12-03 10:44:00
709,2019-12-04 10:22:00,2019-12-04 10:25:00
710,2019-12-04 12:11:00,2019-12-04 12:14:00
711,2019-12-05 12:46:00,2019-12-05 12:49:00
712,2019-12-06 14:40:00,2019-12-06 14:43:00
713,2019-12-09 09:27:00,2019-12-09 09:30:00
714,2019-12-10 09:26:00,2019-12-10 09:29:00
715,2019-12-11 09:46:00,2019-12-11 09:49:00
716,2019-12-12 12:00:00,2019-12-12 12:03:00
717,2019-12-13 14:34:00,2019-12-13 14:37:00
718,2019-12-17 09:11:00,2019-12-17 09:14:00
719,2019-12-18 10:03:00,2019-12-18 10:06:00
720,2019-12-19 13:56:00,2019-12-19 13:59:00
721,2019-12-24 09:29:00,2019-12-24 09:32:00
722,2019-12-27 13:52:00,2019-12-27 13:55:00
723,2019-12-27 14:21:00,2019-12-27 14:24:00
724,2020-01-03 09:35:00,2020-01-03 09:38:00
725,2020-01-03 11:27:00,2020-01-03 11:30:00
726,2020-01-03 11:54:00,2020-01-03 11:57:00
727,2020-01-06 09:50:00,2020-01-06 09:53:00
728,2020-01-07 09:20:00,2020-01-07 09:23:00
729,2020-01-07 10:14:00,2020-01-07 10:17:00
730,2020-01-08 09:11:00,2020-01-08 09:12:00
731,2020-01-08 10:20:00,2020-01-08 10:23:00
732,2020-01-08 10:40:00,2020-01-08 10:43:00
733,2020-01-10 09:11:00,2020-01-10 09:14:00
734,2020-01-14 12:55:00,2020-01-14 12:58:00
735,2020-01-14 13:47:00,2020-01-14 13:50:00
736,2020-01-16 10:06:00,2020-01-16 10:09:00
737,2020-01-16 11:37:00,2020-01-16 11:40:00
738,2020-01-20 15:04:00,2020-01-20 15:07:00
739,2020-01-21 09:39:00,2020-01-21 09:42:00
740,2020-01-21 10:36:00,2020-01-21 10:39:00
741,2020-01-28 15:24:00,2020-01-28 15:27:00
742,2020-01-30 09:28:00,2020-01-30 09:30:00
743,2020-01-30 13:40:00,2020-01-30 13:43:00
744,2020-01-31 09:24:00,2020-01-31 09:27:00
745,2020-01-31 10:27:00,2020-01-31 10:30:00
746,2020-01-31 11:01:00,2020-01-31 11:04:00
747,2020-02-03 11:14:00,2020-02-03 11:17:00
748,2020-02-03 11:56:00,2020-02-03 11:59:00
749,2020-02-03 12:15:00,2020-02-03 12:18:00
750,2020-02-05 09:32:00,2020-02-05 09:34:00
751,2020-02-05 09:56:00,2020-02-05 09:59:00
752,2020-02-05 10:36:00,2020-02-05 10:39:00
753,2020-02-06 09:07:00,2020-02-06 09:10:00
754,2020-02-06 14:02:00,2020-02-06 14:05:00
755,2020-02-07 09:36:00,2020-02-07 09:38:00
756,2020-02-13 09:49:00,2020-02-13 09:52:00
757,2020-02-13 14:01:00,2020-02-13 14:04:00
758,2020-02-14 13:03:00,2020-02-14 13:06:00
759,2020-02-18 10:17:00,2020-02-18 10:20:00
760,2020-02-19 09:38:00,2020-02-19 09:41:00
761,2020-02-20 11:22:00,2020-02-20 11:25:00
762,2020-02-24 09:57:00,2020-02-24 10:00:00
763,2020-02-24 10:30:00,2020-02-24 10:33:00
764,2020-02-24 10:49:00,2020-02-24 10:52:00
765,2020-02-25 09:26:00,2020-02-25 09:29:00
766,2020-02-25 11:03:00,2020-02-25 11:06:00
767,2020-02-26 10:08:00,2020-02-26 10:11:00
768,2020-02-26 13:17:00,2020-02-26 13:20:00
769,2020-02-26 14:42:00,2020-02-26 14:45:00
770,2020-02-27 10:13:00,2020-02-27 10:16:00
771,2020-02-27 10:44:00,2020-02-27 10:47:00
772,2020-02-27 11:11:00,2020-02-27 11:14:00
773,2020-02-28 09:36:00,2020-02-28 09:39:00
774,2020-02-28 11:40:00,2020-02-28 11:42:00
775,2020-02-28 12:33:00,2020-02-28 12:36:00
776,2020-03-02 11:04:00,2020-03-02 11:07:00
777,2020-03-02 12:04:00,2020-03-02 12:07:00
778,2020-03-02 14:21:00,2020-03-02 14:24:00
779,2020-03-03 09:10:00,2020-03-03 09:11:00
780,2020-03-03 09:56:00,2020-03-03 09:59:00
781,2020-03-03 10:50:00,2020-03-03 10:53:00
782,2020-03-04 09:51:00,2020-03-04 09:54:00
783,2020-03-04 10:51:00,2020-03-04 10:54:00
784,2020-03-05 09:10:00,2020-03-05 09:13:00
785,2020-03-05 09:56:00,2020-03-05 09:59:00
786,2020-03-06 09:51:00,2020-03-06 09:54:00
787,2020-03-06 10:25:00,2020-03-06 10:28:00
788,2020-03-06 11:16:00,2020-03-06 11:19:00
789,2020-03-09 09:46:00,2020-03-09 09:49:00
790,2020-03-09 11:11:00,2020-03-09 11:14:00
791,2020-03-09 11:47:00,2020-03-09 11:50:00
792,2020-03-10 09:40:00,2020-03-10 09:43:00
793,2020-03-10 11:15:00,2020-03-10 11:16:00
794,2020-03-10 13:03:00,2020-03-10 13:06:00
795,2020-03-11 09:54:00,2020-03-11 09:57:00
796,2020-03-11 10:34:00,2020-03-11 10:37:00
797,2020-03-11 12:41:00,2020-03-11 12:44:00
798,2020-03-12 10:33:00,2020-03-12 10:36:00
799,2020-03-12 11:08:00,2020-03-12 11:11:00
800,2020-03-12 13:07:00,2020-03-12 13:10:00
801,2020-03-13 11:09:00,2020-03-13 11:12:00
802,2020-03-13 12:26:00,2020-03-13 12:29:00
803,2020-03-13 13:18:00,2020-03-13 13:21:00
804,2020-03-16 10:20:00,2020-03-16 10:23:00
805,2020-03-16 10:38:00,2020-03-16 10:41:00
806,2020-03-16 11:16:00,2020-03-16 11:19:00
807,2020-03-17 10:55:00,2020-03-17 10:56:00
808,2020-03-17 11:20:00,2020-03-17 11:23:00
809,2020-03-17 13:31:00,2020-03-17 13:34:00
810,2020-03-18 09:53:00,2020-03-18 09:55:00
811,2020-03-18 10:15:00,2020-03-18 10:18:00
812,2020-03-18 13:04:00,2020-03-18 13:07:00
813,2020-03-19 09:15:00,2020-03-19 09:18:00
814,2020-03-19 10:48:00,2020-03-19 10:51:00
815,2020-03-19 11:07:00,2020-03-19 11:08:00
816,2020-03-20 10:50:00,2020-03-20 10:53:00
817,2020-03-20 11:53:00,2020-03-20 11:56:00
818,2020-03-20 14:16:00,2020-03-20 14:19:00
819,2020-03-23 10:03:00,2020-03-23 10:04:00
820,2020-03-23 11:12:00,2020-03-23 11:15:00
821,2020-03-23 11:28:00,2020-03-23 11:30:00
822,2020-03-24 12:24:00,2020-03-24 12:27:00
823,2020-03-24 12:48:00,2020-03-24 12:51:00
824,2020-03-25 09:51:00,2020-03-25 09:54:00
825,2020-03-25 11:37:00,2020-03-25 11:40:00
826,2020-03-25 12:24:00,2020-03-25 12:27:00
827,2020-03-26 10:12:00,2020-03-26 10:15:00
828,2020-03-26 10:30:00,2020-03-26 10:33:00
829,2020-03-26 12:35:00,2020-03-26 12:38:00
830,2020-03-27 09:26:00,2020-03-27 09:29:00
831,2020-03-27 10:04:00,2020-03-27 10:07:00
832,2020-03-27 10:54:00,2020-03-27 10:57:00
833,2020-03-30 11:17:00,2020-03-30 11:18:00
834,2020-03-30 12:10:00,2020-03-30 12:13:00
835,2020-03-30 12:52:00,2020-03-30 12:55:00
836,2020-03-31 12:14:00,2020-03-31 12:15:00
837,2020-03-31 13:43:00,2020-03-31 13:46:00
838,2020-03-31 14:09:00,2020-03-31 14:10:00
839,2020-04-01 10:19:00,2020-04-01 10:22:00
840,2020-04-01 12:12:00,2020-04-01 12:15:00
841,2020-04-01 13:06:00,2020-04-01 13:09:00
842,2020-04-02 10:20:00,2020-04-02 10:23:00
843,2020-04-02 13:15:00,2020-04-02 13:16:00
844,2020-04-02 14:15:00,2020-04-02 14:18:00
845,2020-04-03 09:56:00,2020-04-03 09:58:00
846,2020-04-03 12:30:00,2020-04-03 12:32:00
847,2020-04-03 12:38:00,2020-04-03 12:41:00
848,2020-04-06 09:47:00,2020-04-06 09:50:00
849,2020-04-06 11:35:00,2020-04-06 11:38:00
850,2020-04-06 13:34:00,2020-04-06 13:37:00
851,2020-04-07 09:46:00,2020-04-07 09:49:00
852,2020-04-07 10:34:00,2020-04-07 10:37:00
853,2020-04-07 12:52:00,2020-04-07 12:55:00
854,2020-04-08 09:34:00,2020-04-08 09:37:00
855,2020-04-08 12:08:00,2020-04-08 12:11:00
856,2020-04-08 15:23:00,2020-04-08 15:25:00
857,2020-04-09 11:06:00,2020-04-09 11:09:00
858,2020-04-09 11:45:00,2020-04-09 11:48:00
859,2020-04-09 13:21:00,2020-04-09 13:23:00
860,2020-04-10 10:14:00,2020-04-10 10:17:00
861,2020-04-10 11:18:00,2020-04-10 11:21:00
862,2020-04-10 12:31:00,2020-04-10 12:34:00
863,2020-04-13 09:25:00,2020-04-13 09:28:00
864,2020-04-13 09:55:00,2020-04-13 09:58:00
865,2020-04-13 13:42:00,2020-04-13 13:45:00
866,2020-04-14 09:31:00,2020-04-14 09:34:00
867,2020-04-14 14:12:00,2020-04-14 14:15:00
868,2020-04-14 15:02:00,2020-04-14 15:05:00
869,2020-04-16 09:33:00,2020-04-16 09:36:00
870,2020-04-16 10:52:00,2020-04-16 10:55:00
871,2020-04-17 09:26:00,2020-04-17 09:29:00
872,2020-04-17 15:06:00,2020-04-17 15:09:00
873,2020-04-20 10:14:00,2020-04-20 10:17:00
874,2020-04-20 10:46:00,2020-04-20 10:49:00
875,2020-04-20 13:53:00,2020-04-20 13:56:00
876,2020-04-21 11:10:00,2020-04-21 11:13:00
877,2020-04-21 11:31:00,2020-04-21 11:34:00
878,2020-04-21 12:28:00,2020-04-21 12:31:00
879,2020-04-22 13:44:00,2020-04-22 13:47:00
880,2020-04-22 14:01:00,2020-04-22 14:04:00
882,2020-04-23 09:25:00,2020-04-23 09:28:00
883,2020-04-23 15:27:00,2020-04-23 15:30:00
884,2020-04-24 13:21:00,2020-04-24 13:24:00
885,2020-04-24 14:06:00,2020-04-24 14:09:00
886,2020-04-24 15:09:00,2020-04-24 15:12:00
887,2020-04-29 09:16:00,2020-04-29 09:19:00
888,2020-04-29 09:48:00,2020-04-29 09:51:00
889,2020-05-04 14:14:00,2020-05-04 14:17:00
891,2020-05-06 10:08:00,2020-05-06 10:11:00
892,2020-05-07 14:19:00,2020-05-07 14:22:00
893,2020-05-11 09:52:00,2020-05-11 09:55:00
894,2020-05-11 13:32:00,2020-05-11 13:35:00
895,2020-05-11 15:03:00,2020-05-11 15:06:00
896,2020-05-12 09:38:00,2020-05-12 09:39:00
897,2020-05-12 09:59:00,2020-05-12 10:02:00
898,2020-05-12 10:49:00,2020-05-12 10:52:00
899,2020-05-13 13:12:00,2020-05-13 13:15:00
900,2020-05-13 14:58:00,2020-05-13 15:01:00
901,2020-05-14 10:43:00,2020-05-14 10:46:00
902,2020-05-14 11:14:00,2020-05-14 11:17:00
903,2020-05-14 13:34:00,2020-05-14 13:37:00
904,2020-05-15 09:51:00,2020-05-15 09:54:00
905,2020-05-15 10:12:00,2020-05-15 10:13:00
906,2020-05-18 10:03:00,2020-05-18 10:06:00
907,2020-05-18 14:59:00,2020-05-18 15:02:00
908,2020-05-18 15:19:00,2020-05-18 15:22:00
909,2020-05-19 09:44:00,2020-05-19 09:47:00
910,2020-05-22 10:12:00,2020-05-22 10:15:00
911,2020-05-22 14:45:00,2020-05-22 14:48:00
912,2020-05-25 10:24:00,2020-05-25 10:27:00
913,2020-05-28 09:12:00,2020-05-28 09:15:00
914,2020-05-28 09:42:00,2020-05-28 09:45:00
915,2020-05-28 10:24:00,2020-05-28 10:25:00
916,2020-05-29 13:26:00,2020-05-29 13:29:00
917,2020-06-01 12:35:00,2020-06-01 12:38:00
918,2020-06-02 10:40:00,2020-06-02 10:43:00
919,2020-06-03 10:45:00,2020-06-03 10:48:00
920,2020-06-03 13:49:00,2020-06-03 13:52:00
921,2020-06-03 15:16:00,2020-06-03 15:19:00
922,2020-06-04 09:27:00,2020-06-04 09:30:00
923,2020-06-04 10:20:00,2020-06-04 10:23:00
924,2020-06-04 11:24:00,2020-06-04 11:27:00
925,2020-06-08 09:42:00,2020-06-08 09:45:00
926,2020-06-08 10:26:00,2020-06-08 10:29:00
927,2020-06-08 12:07:00,2020-06-08 12:10:00
928,2020-06-09 09:11:00,2020-06-09 09:12:00
929,2020-06-09 09:49:00,2020-06-09 09:52:00
930,2020-06-09 10:11:00,2020-06-09 10:14:00
931,2020-06-10 13:26:00,2020-06-10 13:29:00
932,2020-06-11 12:52:00,2020-06-11 12:55:00
933,2020-06-11 13:17:00,2020-06-11 13:20:00
934,2020-06-11 14:55:00,2020-06-11 14:58:00
935,2020-06-12 12:21:00,2020-06-12 12:24:00
936,2020-06-15 12:44:00,2020-06-15 12:47:00
937,2020-06-15 13:40:00,2020-06-15 13:43:00
938,2020-06-15 14:44:00,2020-06-15 14:47:00
939,2020-06-17 09:26:00,2020-06-17 09:29:00
940,2020-06-17 10:26:00,2020-06-17 10:28:00
941,2020-06-17 11:35:00,2020-06-17 11:38:00
942,2020-06-18 09:19:00,2020-06-18 09:22:00
943,2020-06-19 09:23:00,2020-06-19 09:26:00
944,2020-06-19 09:37:00,2020-06-19 09:39:00
945,2020-06-19 10:17:00,2020-06-19 10:20:00
946,2020-06-22 14:05:00,2020-06-22 14:08:00
947,2020-06-22 15:04:00,2020-06-22 15:07:00
948,2020-06-22 15:31:00,2020-06-22 15:34:00
949,2020-06-23 10:32:00,2020-06-23 10:35:00
950,2020-06-23 12:43:00,2020-06-23 12:46:00
951,2020-06-24 14:00:00,2020-06-24 14:03:00
952,2020-06-25 09:46:00,2020-06-25 09:49:00
953,2020-06-25 10:20:00,2020-06-25 10:23:00
954,2020-06-25 10:47:00,2020-06-25 10:50:00
955,2020-06-26 09:41:00,2020-06-26 09:44:00
956,2020-06-26 10:35:00,2020-06-26 10:36:00
957,2020-06-26 15:13:00,2020-06-26 15:16:00
958,2020-06-29 11:37:00,2020-06-29 11:40:00
959,2020-06-29 12:17:00,2020-06-29 12:20:00
960,2020-06-29 13:49:00,2020-06-29 13:50:00
961,2020-06-30 09:33:00,2020-06-30 09:36:00
962,2020-06-30 10:57:00,2020-06-30 11:00:00
963,2020-06-30 11:19:00,2020-06-30 11:22:00
964,2020-07-01 13:41:00,2020-07-01 13:44:00
965,2020-07-01 14:54:00,2020-07-01 14:57:00
966,2020-07-03 09:50:00,2020-07-03 09:53:00
967,2020-07-07 10:20:00,2020-07-07 10:23:00
968,2020-07-07 10:47:00,2020-07-07 10:50:00
969,2020-07-07 11:02:00,2020-07-07 11:05:00
970,2020-07-08 09:41:00,2020-07-08 09:42:00
971,2020-07-09 15:07:00,2020-07-09 15:10:00
972,2020-07-10 09:09:00,2020-07-10 09:12:00
973,2020-07-10 10:06:00,2020-07-10 10:09:00
974,2020-07-10 14:38:00,2020-07-10 14:41:00
975,2020-07-16 10:08:00,2020-07-16 10:11:00
976,2020-07-17 09:21:00,2020-07-17 09:24:00
977,2020-07-17 10:15:00,2020-07-17 10:18:00
978,2020-07-20 10:18:00,2020-07-20 10:21:00
979,2020-07-22 09:17:00,2020-07-22 09:20:00
980,2020-07-22 10:04:00,2020-07-22 10:07:00
981,2020-07-24 09:22:00,2020-07-24 09:25:00
982,2020-07-24 12:44:00,2020-07-24 12:47:00
983,2020-07-24 12:58:00,2020-07-24 13:00:00
984,2020-07-28 12:52:00,2020-07-28 12:55:00
985,2020-07-31 15:06:00,2020-07-31 15:09:00
986,2020-08-04 09:31:00,2020-08-04 09:34:00
987,2020-08-07 10:13:00,2020-08-07 10:16:00
988,2020-08-07 11:54:00,2020-08-07 11:57:00
989,2020-08-10 09:21:00,2020-08-10 09:24:00
990,2020-08-12 09:14:00,2020-08-12 09:17:00
991,2020-08-12 09:47:00,2020-08-12 09:50:00
992,2020-08-12 14:26:00,2020-08-12 14:29:00
993,2020-08-13 14:56:00,2020-08-13 14:59:00
994,2020-08-14 09:37:00,2020-08-14 09:39:00
995,2020-08-14 10:22:00,2020-08-14 10:25:00
996,2020-08-14 14:38:00,2020-08-14 14:41:00
997,2020-08-18 09:12:00,2020-08-18 09:15:00
998,2020-08-18 10:24:00,2020-08-18 10:27:00
999,2020-08-18 10:48:00,2020-08-18 10:51:00
1000,2020-08-19 09:58:00,2020-08-19 10:01:00
1001,2020-08-19 11:43:00,2020-08-19 11:46:00
1002,2020-08-19 12:03:00,2020-08-19 12:06:00
1003,2020-08-20 09:49:00,2020-08-20 09:52:00
1004,2020-08-20 10:55:00,2020-08-20 10:58:00
1005,2020-08-20 12:13:00,2020-08-20 12:16:00
1006,2020-08-21 09:50:00,2020-08-21 09:53:00
1007,2020-08-21 10:39:00,2020-08-21 10:42:00
1008,2020-08-21 11:23:00,2020-08-21 11:26:00
1009,2020-08-24 13:06:00,2020-08-24 13:09:00
1010,2020-08-25 13:25:00,2020-08-25 13:28:00
1011,2020-08-26 09:38:00,2020-08-26 09:41:00
1012,2020-08-26 10:27:00,2020-08-26 10:30:00
1013,2020-08-27 10:48:00,2020-08-27 10:51:00
1014,2020-08-27 13:49:00,2020-08-27 13:52:00
1015,2020-08-28 13:22:00,2020-08-28 13:25:00
1016,2020-08-28 15:01:00,2020-08-28 15:04:00
1017,2020-08-31 10:02:00,2020-08-31 10:05:00
1018,2020-08-31 12:32:00,2020-08-31 12:35:00
1019,2020-08-31 13:43:00,2020-08-31 13:46:00
1020,2020-09-01 09:18:00,2020-09-01 09:21:00
1021,2020-09-01 10:32:00,2020-09-01 10:35:00
1022,2020-09-03 10:25:00,2020-09-03 10:28:00
1023,2020-09-04 10:38:00,2020-09-04 10:41:00
1025,2020-09-07 14:48:00,2020-09-07 14:51:00
1026,2020-09-08 09:49:00,2020-09-08 09:52:00
1027,2020-09-08 11:42:00,2020-09-08 11:45:00
1028,2020-09-08 14:16:00,2020-09-08 14:19:00
1029,2020-09-09 14:40:00,2020-09-09 14:43:00
1030,2020-09-09 15:00:00,2020-09-09 15:03:00
1031,2020-09-09 15:33:00,2020-09-09 15:45:00
1032,2020-09-11 10:56:00,2020-09-11 10:59:00
1033,2020-09-14 09:12:00,2020-09-14 09:14:00
1034,2020-09-14 09:19:00,2020-09-14 09:22:00
1035,2020-09-16 14:11:00,2020-09-16 14:14:00
1036,2020-09-16 14:31:00,2020-09-16 14:34:00
1037,2020-09-17 09:40:00,2020-09-17 09:43:00
1038,2020-09-17 10:53:00,2020-09-17 10:56:00
1039,2020-09-17 12:02:00,2020-09-17 12:05:00
1040,2020-09-18 09:31:00,2020-09-18 09:34:00
1041,2020-09-18 09:56:00,2020-09-18 09:59:00
1042,2020-09-18 10:19:00,2020-09-18 10:21:00
1043,2020-09-21 09:54:00,2020-09-21 09:57:00
1044,2020-09-21 10:44:00,2020-09-21 10:47:00
1045,2020-09-21 11:14:00,2020-09-21 11:17:00
1046,2020-09-22 09:23:00,2020-09-22 09:26:00
1047,2020-09-22 10:27:00,2020-09-22 10:30:00
1048,2020-09-22 11:32:00,2020-09-22 11:33:00
1049,2020-09-23 09:28:00,2020-09-23 09:29:00
1050,2020-09-23 10:15:00,2020-09-23 10:18:00
1051,2020-09-23 11:16:00,2020-09-23 11:19:00
1052,2020-09-24 11:07:00,2020-09-24 11:10:00
1053,2020-09-24 11:39:00,2020-09-24 11:42:00
1054,2020-09-24 11:59:00,2020-09-24 12:00:00
1055,2020-09-25 09:34:00,2020-09-25 09:37:00
1056,2020-09-25 11:38:00,2020-09-25 11:41:00
1057,2020-09-25 13:00:00,2020-09-25 13:03:00
1058,2020-09-29 10:21:00,2020-09-29 10:24:00
1059,2020-10-05 15:30:00,2020-10-05 15:33:00
1060,2020-10-06 14:22:00,2020-10-06 14:23:00
1061,2020-10-07 09:42:00,2020-10-07 09:45:00
1062,2020-10-07 12:26:00,2020-10-07 12:29:00
1063,2020-10-08 10:34:00,2020-10-08 10:37:00
1064,2020-10-12 09:58:00,2020-10-12 10:01:00
1065,2020-10-12 13:37:00,2020-10-12 13:40:00
1066,2020-10-13 09:52:00,2020-10-13 09:55:00
1067,2020-10-13 10:17:00,2020-10-13 10:20:00
1068,2020-10-13 11:33:00,2020-10-13 11:36:00
1069,2020-10-14 09:52:00,2020-10-14 09:55:00
1070,2020-10-14 10:31:00,2020-10-14 10:34:00
1071,2020-10-14 14:17:00,2020-10-14 14:20:00
1072,2020-10-15 09:51:00,2020-10-15 09:54:00
1073,2020-10-15 10:34:00,2020-10-15 10:37:00
1074,2020-10-15 12:45:00,2020-10-15 12:48:00
1075,2020-10-16 09:29:00,2020-10-16 09:30:00
1076,2020-10-16 10:03:00,2020-10-16 10:06:00
1077,2020-10-16 10:21:00,2020-10-16 10:24:00
1078,2020-10-19 09:34:00,2020-10-19 09:37:00
1079,2020-10-19 11:23:00,2020-10-19 11:26:00
1080,2020-10-19 12:32:00,2020-10-19 12:35:00
1081,2020-10-20 09:53:00,2020-10-20 09:56:00
1082,2020-10-20 10:08:00,2020-10-20 10:11:00
1083,2020-10-20 10:43:00,2020-10-20 10:46:00
1084,2020-10-21 09:40:00,2020-10-21 09:43:00
1085,2020-10-21 10:08:00,2020-10-21 10:11:00
1086,2020-10-21 11:01:00,2020-10-21 11:04:00
1087,2020-10-22 11:27:00,2020-10-22 11:30:00
1088,2020-10-23 09:52:00,2020-10-23 09:55:00
1089,2020-10-23 10:42:00,2020-10-23 10:45:00
1090,2020-10-23 12:32:00,2020-10-23 12:35:00
1091,2020-10-26 09:25:00,2020-10-26 09:28:00
1092,2020-10-26 10:26:00,2020-10-26 10:29:00
1093,2020-10-26 10:54:00,2020-10-26 10:57:00
1094,2020-10-27 11:37:00,2020-10-27 11:40:00
1095,2020-10-27 13:04:00,2020-10-27 13:07:00
1096,2020-10-27 13:29:00,2020-10-27 13:32:00
1097,2020-10-28 11:29:00,2020-10-28 11:32:00
1098,2020-10-29 10:28:00,2020-10-29 10:31:00
1099,2020-10-29 11:22:00,2020-10-29 11:23:00
1100,2020-10-29 13:00:00,2020-10-29 13:03:00
1101,2020-10-30 09:34:00,2020-10-30 09:37:00
1102,2020-10-30 11:27:00,2020-10-30 11:30:00
1103,2020-10-30 14:27:00,2020-10-30 14:30:00
1104,2020-11-02 11:21:00,2020-11-02 11:24:00
1105,2020-11-02 11:56:00,2020-11-02 11:59:00
1106,2020-11-02 13:07:00,2020-11-02 13:10:00
1107,2020-11-03 12:29:00,2020-11-03 12:32:00
1108,2020-11-03 12:45:00,2020-11-03 12:48:00
1109,2020-11-03 14:05:00,2020-11-03 14:08:00
1110,2020-11-04 09:39:00,2020-11-04 09:42:00
1111,2020-11-04 09:52:00,2020-11-04 09:55:00
1112,2020-11-04 10:08:00,2020-11-04 10:11:00
1113,2020-11-05 10:21:00,2020-11-05 10:24:00
1114,2020-11-05 11:28:00,2020-11-05 11:31:00
1115,2020-11-06 09:12:00,2020-11-06 09:15:00
1116,2020-11-06 09:54:00,2020-11-06 09:57:00
1117,2020-11-06 10:47:00,2020-11-06 10:50:00
1118,2020-11-09 11:24:00,2020-11-09 11:27:00
1119,2020-11-09 15:00:00,2020-11-09 15:03:00
1120,2020-11-10 15:31:00,2020-11-10 15:34:00
1121,2020-11-11 09:20:00,2020-11-11 09:23:00
1122,2020-11-11 14:54:00,2020-11-11 14:57:00
1123,2020-11-12 10:06:00,2020-11-12 10:09:00
1124,2020-11-12 11:26:00,2020-11-12 11:29:00
1125,2020-11-12 12:43:00,2020-11-12 12:46:00
1126,2020-11-13 09:46:00,2020-11-13 09:49:00
1127,2020-11-13 10:37:00,2020-11-13 10:40:00
1128,2020-11-13 14:01:00,2020-11-13 14:04:00
1129,2020-11-17 09:19:00,2020-11-17 09:20:00
1130,2020-11-17 10:06:00,2020-11-17 10:09:00
1131,2020-11-17 10:59:00,2020-11-17 11:02:00
1132,2020-11-23 11:42:00,2020-11-23 11:45:00
1133,2020-11-23 13:29:00,2020-11-23 13:32:00
1134,2020-11-24 09:47:00,2020-11-24 09:50:00
1135,2020-11-24 10:27:00,2020-11-24 10:30:00
1136,2020-11-25 13:46:00,2020-11-25 13:49:00
1137,2020-11-25 14:24:00,2020-11-25 14:27:00
1138,2020-11-25 15:02:00,2020-11-25 15:03:00
1139,2020-11-26 12:34:00,2020-11-26 12:37:00
1140,2020-11-27 12:29:00,2020-11-27 12:32:00
1141,2020-11-30 09:28:00,2020-11-30 09:30:00
1142,2020-11-30 14:56:00,2020-11-30 14:59:00
1143,2020-12-01 09:37:00,2020-12-01 09:40:00
1144,2020-12-01 10:46:00,2020-12-01 10:49:00
1145,2020-12-02 11:12:00,2020-12-02 11:15:00
1146,2020-12-04 09:37:00,2020-12-04 09:40:00
1147,2020-12-07 10:50:00,2020-12-07 10:53:00
1148,2020-12-08 10:00:00,2020-12-08 10:03:00
1149,2020-12-08 10:41:00,2020-12-08 10:42:00
1150,2020-12-08 11:13:00,2020-12-08 11:16:00
1151,2020-12-09 09:43:00,2020-12-09 09:44:00
1152,2020-12-09 11:12:00,2020-12-09 11:15:00
1153,2020-12-09 14:28:00,2020-12-09 14:31:00
1154,2020-12-10 09:54:00,2020-12-10 09:57:00
1155,2020-12-10 15:04:00,2020-12-10 15:07:00
1156,2020-12-11 10:00:00,2020-12-11 10:03:00
1157,2020-12-11 10:19:00,2020-12-11 10:22:00
1158,2020-12-14 14:12:00,2020-12-14 14:15:00
1159,2020-12-14 14:53:00,2020-12-14 14:56:00
1160,2020-12-15 09:25:00,2020-12-15 09:28:00
1161,2020-12-15 10:06:00,2020-12-15 10:09:00
1162,2020-12-15 10:48:00,2020-12-15 10:51:00
1163,2020-12-17 10:08:00,2020-12-17 10:11:00
1164,2020-12-18 09:22:00,2020-12-18 09:25:00
1165,2020-12-21 09:11:00,2020-12-21 09:14:00
1166,2020-12-22 09:38:00,2020-12-22 09:41:00
1167,2020-12-22 10:10:00,2020-12-22 10:13:00
1168,2020-12-22 11:26:00,2020-12-22 11:29:00
1169,2020-12-23 09:43:00,2020-12-23 09:46:00
1170,2020-12-23 10:42:00,2020-12-23 10:45:00
1171,2020-12-23 13:47:00,2020-12-23 13:50:00
1172,2020-12-24 09:21:00,2020-12-24 09:24:00
1173,2020-12-24 15:02:00,2020-12-24 15:05:00
1174,2020-12-28 09:09:00,2020-12-28 09:10:00
1175,2020-12-28 09:51:00,2020-12-28 09:54:00
1176,2020-12-28 14:03:00,2020-12-28 14:06:00
1178,2020-12-30 09:09:00,2020-12-30 09:11:00
1179,2020-12-30 09:51:00,2020-12-30 09:54:00
1180,2021-01-04 10:24:00,2021-01-04 10:27:00
1181,2021-01-04 11:14:00,2021-01-04 11:17:00
1182,2021-01-05 09:30:00,2021-01-05 09:33:00
1183,2021-01-05 10:08:00,2021-01-05 10:11:00
1184,2021-01-05 10:37:00,2021-01-05 10:40:00
1185,2021-01-06 09:34:00,2021-01-06 09:37:00
1186,2021-01-06 10:09:00,2021-01-06 10:12:00
1187,2021-01-06 10:55:00,2021-01-06 10:57:00
1188,2021-01-07 09:31:00,2021-01-07 09:34:00
1189,2021-01-07 13:13:00,2021-01-07 13:16:00
1190,2021-01-11 09:13:00,2021-01-11 09:16:00
1191,2021-01-11 10:23:00,2021-01-11 10:26:00
1192,2021-01-11 10:42:00,2021-01-11 10:43:00
1193,2021-01-12 09:25:00,2021-01-12 09:28:00
1194,2021-01-12 10:32:00,2021-01-12 10:35:00
1195,2021-01-12 12:43:00,2021-01-12 12:46:00
1196,2021-01-13 09:40:00,2021-01-13 09:43:00
1197,2021-01-13 10:01:00,2021-01-13 10:04:00
1198,2021-01-14 10:00:00,2021-01-14 10:03:00
1199,2021-01-14 10:24:00,2021-01-14 10:27:00
1200,2021-01-14 11:15:00,2021-01-14 11:18:00
1201,2021-01-15 09:45:00,2021-01-15 09:48:00
1202,2021-01-15 10:11:00,2021-01-15 10:14:00
1203,2021-01-15 11:01:00,2021-01-15 11:04:00
1204,2021-01-18 10:18:00,2021-01-18 10:21:00
1205,2021-01-18 11:18:00,2021-01-18 11:21:00
1206,2021-01-18 11:35:00,2021-01-18 11:38:00
1207,2021-01-19 09:21:00,2021-01-19 09:23:00
1208,2021-01-19 09:46:00,2021-01-19 09:49:00
1209,2021-01-19 14:43:00,2021-01-19 14:45:00
1210,2021-01-20 10:19:00,2021-01-20 10:22:00
1211,2021-01-20 10:39:00,2021-01-20 10:42:00
1212,2021-01-20 13:33:00,2021-01-20 13:36:00
1213,2021-01-21 11:28:00,2021-01-21 11:31:00
1214,2021-01-21 14:21:00,2021-01-21 14:24:00
1215,2021-01-22 09:11:00,2021-01-22 09:14:00
1216,2021-01-22 09:32:00,2021-01-22 09:35:00
1217,2021-01-26 10:21:00,2021-01-26 10:24:00
1218,2021-01-26 10:52:00,2021-01-26 10:55:00
1219,2021-01-26 11:16:00,2021-01-26 11:18:00
1220,2021-01-27 09:25:00,2021-01-27 09:28:00
1221,2021-01-27 11:25:00,2021-01-27 11:28:00
1222,2021-01-27 14:34:00,2021-01-27 14:37:00
1223,2021-01-28 10:45:00,2021-01-28 10:46:00
1224,2021-01-28 12:13:00,2021-01-28 12:16:00
1225,2021-01-28 12:56:00,2021-01-28 12:59:00
1226,2021-01-29 09:16:00,2021-01-29 09:19:00
1227,2021-01-29 10:47:00,2021-01-29 10:50:00
1228,2021-01-29 11:01:00,2021-01-29 11:03:00
1229,2021-02-01 12:00:00,2021-02-01 12:03:00
1230,2021-02-02 09:20:00,2021-02-02 09:23:00
1231,2021-02-02 11:10:00,2021-02-02 11:13:00
1232,2021-02-02 12:16:00,2021-02-02 12:19:00
1233,2021-02-03 10:15:00,2021-02-03 10:18:00
1234,2021-02-03 10:37:00,2021-02-03 10:38:00
1235,2021-02-03 11:11:00,2021-02-03 11:14:00
1236,2021-02-04 09:51:00,2021-02-04 09:54:00
1237,2021-02-04 12:36:00,2021-02-04 12:39:00
1238,2021-02-04 15:13:00,2021-02-04 15:16:00
1239,2021-02-05 09:40:00,2021-02-05 09:43:00
1240,2021-02-05 15:16:00,2021-02-05 15:19:00
1241,2021-02-08 09:51:00,2021-02-08 09:54:00
1242,2021-02-09 13:22:00,2021-02-09 13:25:00
1243,2021-02-09 14:46:00,2021-02-09 14:49:00
1244,2021-02-10 09:17:00,2021-02-10 09:20:00
1245,2021-02-10 10:16:00,2021-02-10 10:19:00
1246,2021-02-15 09:20:00,2021-02-15 09:23:00
1247,2021-02-15 14:45:00,2021-02-15 14:48:00
1248,2021-02-16 09:13:00,2021-02-16 09:16:00
1249,2021-02-17 09:59:00,2021-02-17 10:00:00
1250,2021-02-17 10:37:00,2021-02-17 10:40:00
1251,2021-02-18 10:02:00,2021-02-18 10:05:00
1252,2021-02-19 09:56:00,2021-02-19 09:59:00
1253,2021-02-19 10:52:00,2021-02-19 10:55:00
1254,2021-02-22 10:50:00,2021-02-22 10:53:00
1255,2021-02-22 14:23:00,2021-02-22 14:26:00
1256,2021-02-23 09:32:00,2021-02-23 09:35:00
1257,2021-02-23 10:02:00,2021-02-23 10:03:00
1258,2021-02-23 11:57:00,2021-02-23 12:00:00
1259,2021-02-24 09:32:00,2021-02-24 09:35:00
1260,2021-02-24 10:01:00,2021-02-24 10:04:00
1261,2021-02-24 10:34:00,2021-02-24 10:35:00
1262,2021-02-25 12:06:00,2021-02-25 12:09:00
1263,2021-02-26 10:34:00,2021-02-26 10:37:00
1264,2021-02-26 11:43:00,2021-02-26 11:44:00
1265,2021-02-26 13:42:00,2021-02-26 13:45:00
1266,2021-03-02 09:26:00,2021-03-02 09:29:00
1267,2021-03-02 10:24:00,2021-03-02 10:27:00
1268,2021-03-02 11:30:00,2021-03-02 11:33:00
1269,2021-03-03 10:32:00,2021-03-03 10:35:00
1270,2021-03-03 12:49:00,2021-03-03 12:52:00
1271,2021-03-04 09:11:00,2021-03-04 09:12:00
1272,2021-03-04 10:18:00,2021-03-04 10:20:00
1273,2021-03-04 15:31:00,2021-03-04 15:32:00
1274,2021-03-05 10:08:00,2021-03-05 10:11:00
1275,2021-03-05 11:13:00,2021-03-05 11:16:00
1276,2021-03-05 12:31:00,2021-03-05 12:34:00
1277,2021-03-08 09:19:00,2021-03-08 09:22:00
1278,2021-03-08 11:27:00,2021-03-08 11:30:00
1279,2021-03-08 11:49:00,2021-03-08 11:52:00
1280,2021-03-09 09:29:00,2021-03-09 09:32:00
1281,2021-03-09 10:00:00,2021-03-09 10:03:00
1282,2021-03-09 10:46:00,2021-03-09 10:49:00
1283,2021-03-10 09:52:00,2021-03-10 09:55:00
1284,2021-03-10 10:41:00,2021-03-10 10:44:00
1285,2021-03-10 11:17:00,2021-03-10 11:20:00
1286,2021-03-11 09:57:00,2021-03-11 10:00:00
1287,2021-03-12 15:33:00,2021-03-12 15:45:00
1288,2021-03-15 09:13:00,2021-03-15 09:16:00
1289,2021-03-15 09:57:00,2021-03-15 10:00:00
1290,2021-03-17 09:47:00,2021-03-17 09:50:00
1291,2021-03-17 10:39:00,2021-03-17 10:42:00
1292,2021-03-17 15:00:00,2021-03-17 15:03:00
1293,2021-03-18 12:16:00,2021-03-18 12:19:00
1294,2021-03-19 14:33:00,2021-03-19 14:36:00
1295,2021-03-22 09:36:00,2021-03-22 09:39:00
1296,2021-03-22 10:10:00,2021-03-22 10:13:00
1297,2021-03-22 14:32:00,2021-03-22 14:35:00
1298,2021-03-23 09:58:00,2021-03-23 10:01:00
1299,2021-03-23 11:02:00,2021-03-23 11:05:00
1300,2021-03-23 13:56:00,2021-03-23 13:59:00
1301,2021-03-24 11:13:00,2021-03-24 11:16:00
1302,2021-03-25 10:43:00,2021-03-25 10:46:00
1303,2021-03-26 09:29:00,2021-03-26 09:32:00
1304,2021-03-26 10:33:00,2021-03-26 10:36:00
1305,2021-03-30 13:38:00,2021-03-30 13:41:00
1306,2021-04-01 09:29:00,2021-04-01 09:32:00
1307,2021-04-05 09:24:00,2021-04-05 09:27:00
1308,2021-04-15 10:35:00,2021-04-15 10:38:00
1309,2021-04-20 09:26:00,2021-04-20 09:29:00
1310,2021-04-23 12:55:00,2021-04-23 12:58:00
1311,2021-04-26 09:12:00,2021-04-26 09:15:00
1312,2021-04-29 09:51:00,2021-04-29 09:54:00
1313,2021-04-29 12:36:00,2021-04-29 12:39:00
1314,2021-04-30 09:14:00,2021-04-30 09:17:00
1315,2021-04-30 10:11:00,2021-04-30 10:14:00
1316,2021-04-30 11:01:00,2021-04-30 11:04:00
1317,2021-05-03 09:19:00,2021-05-03 09:22:00
1318,2021-05-03 11:02:00,2021-05-03 11:05:00
1319,2021-05-03 11:21:00,2021-05-03 11:24:00
1320,2021-05-04 11:26:00,2021-05-04 11:29:00
1321,2021-05-04 11:45:00,2021-05-04 11:48:00
1322,2021-05-06 10:01:00,2021-05-06 10:04:00
1323,2021-05-06 12:27:00,2021-05-06 12:30:00
1324,2021-05-07 11:23:00,2021-05-07 11:26:00
1325,2021-05-11 09:27:00,2021-05-11 09:30:00
1326,2021-05-11 09:52:00,2021-05-11 09:55:00
1327,2021-05-11 10:11:00,2021-05-11 10:14:00
1328,2021-05-12 09:46:00,2021-05-12 09:47:00
1329,2021-05-12 10:40:00,2021-05-12 10:43:00
1330,2021-05-12 14:53:00,2021-05-12 14:56:00
1331,2021-05-13 10:11:00,2021-05-13 10:14:00
1332,2021-05-13 12:57:00,2021-05-13 13:00:00
1333,2021-05-13 13:22:00,2021-05-13 13:24:00
1334,2021-05-14 09:11:00,2021-05-14 09:14:00
1335,2021-05-17 09:44:00,2021-05-17 09:47:00
1336,2021-05-17 10:09:00,2021-05-17 10:12:00
1337,2021-05-17 12:41:00,2021-05-17 12:44:00
1338,2021-05-20 10:18:00,2021-05-20 10:21:00
1340,2021-05-25 09:37:00,2021-05-25 09:40:00
1341,2021-05-27 09:14:00,2021-05-27 09:17:00
1342,2021-06-08 09:31:00,2021-06-08 09:34:00
1343,2021-06-21 09:33:00,2021-06-21 09:36:00
1344,2021-06-24 09:17:00,2021-06-24 09:20:00
1345,2021-06-28 09:11:00,2021-06-28 09:14:00
1346,2021-07-09 09:52:00,2021-07-09 09:55:00
1347,2021-07-09 10:51:00,2021-07-09 10:54:00
1348,2021-07-21 09:12:00,2021-07-21 09:15:00
1349,2021-07-28 11:12:00,2021-07-28 11:15:00
1350,2021-07-30 09:09:00,2021-07-30 09:12:00
1351,2021-08-03 10:51:00,2021-08-03 10:54:00
1352,2021-08-09 09:11:00,2021-08-09 09:14:00
1353,2021-08-13 09:51:00,2021-08-13 09:54:00
1354,2021-08-13 10:19:00,2021-08-13 10:22:00
1355,2021-08-17 09:50:00,2021-08-17 09:53:00
1356,2021-08-17 14:27:00,2021-08-17 14:30:00
1357,2021-08-18 09:28:00,2021-08-18 09:31:00
1358,2021-08-19 10:02:00,2021-08-19 10:05:00
1359,2021-08-20 10:27:00,2021-08-20 10:30:00
1360,2021-08-20 10:48:00,2021-08-20 10:49:00
1361,2021-08-20 14:09:00,2021-08-20 14:12:00
1362,2021-08-23 09:27:00,2021-08-23 09:30:00
1363,2021-08-24 14:29:00,2021-08-24 14:32:00
1364,2021-08-26 09:57:00,2021-08-26 10:00:00
1365,2021-08-26 10:16:00,2021-08-26 10:19:00
1366,2021-08-26 12:23:00,2021-08-26 12:26:00
1367,2021-08-30 14:09:00,2021-08-30 14:12:00
1368,2021-09-10 10:19:00,2021-09-10 10:22:00
1369,2021-09-13 09:27:00,2021-09-13 09:30:00
1370,2021-09-27 09:26:00,2021-09-27 09:27:00
1371,2021-09-29 10:14:00,2021-09-29 10:17:00
1372,2021-10-01 09:57:00,2021-10-01 09:59:00
1373,2021-10-01 10:10:00,2021-10-01 10:13:00
1374,2021-10-05 09:52:00,2021-10-05 09:55:00
1375,2021-10-05 10:34:00,2021-10-05 10:37:00
1376,2021-10-05 11:30:00,2021-10-05 11:33:00
1377,2021-10-06 10:37:00,2021-10-06 10:40:00
1378,2021-10-06 10:58:00,2021-10-06 11:01:00
1379,2021-10-06 11:42:00,2021-10-06 11:45:00
1380,2021-10-07 09:25:00,2021-10-07 09:28:00
1381,2021-10-07 10:01:00,2021-10-07 10:04:00
1382,2021-10-07 10:28:00,2021-10-07 10:31:00
1383,2021-10-08 09:11:00,2021-10-08 09:14:00
1384,2021-10-08 09:31:00,2021-10-08 09:34:00
1385,2021-10-08 10:14:00,2021-10-08 10:17:00
1386,2021-10-12 09:26:00,2021-10-12 09:29:00
1387,2021-10-12 09:43:00,2021-10-12 09:46:00
1388,2021-10-15 09:43:00,2021-10-15 09:46:00
1389,2021-10-15 10:13:00,2021-10-15 10:16:00
1390,2021-10-18 09:14:00,2021-10-18 09:17:00
1391,2021-10-18 15:16:00,2021-10-18 15:19:00
1392,2021-10-20 10:52:00,2021-10-20 10:55:00
1393,2021-10-21 09:51:00,2021-10-21 09:54:00
1394,2021-10-22 09:52:00,2021-10-22 09:55:00
1395,2021-10-25 09:18:00,2021-10-25 09:21:00
1396,2021-10-27 09:22:00,2021-10-27 09:25:00
1397,2021-10-28 10:03:00,2021-10-28 10:06:00
1398,2021-11-03 11:11:00,2021-11-03 11:14:00
1399,2021-11-04 10:34:00,2021-11-04 10:37:00
1400,2021-11-05 10:12:00,2021-11-05 10:15:00
1401,2021-11-08 09:37:00,2021-11-08 09:40:00
1402,2021-11-08 10:03:00,2021-11-08 10:06:00
1403,2021-11-09 09:28:00,2021-11-09 09:31:00
1404,2021-11-09 10:10:00,2021-11-09 10:13:00
1405,2021-11-10 10:15:00,2021-11-10 10:18:00
1406,2021-11-11 10:02:00,2021-11-11 10:05:00
1407,2021-11-11 10:23:00,2021-11-11 10:26:00
